"USER-1","USER-2"
"USER-3","USER-7"
"USER-4","USER-1643"
"USER-9","USER-4"
"USER-8","USER-7"
"USER-7","USER-509"
"USER-6","USER-826"
"USER-2","USER-2575"
"USER-10","USER-1"
"USER-11","USER-7"
"USER-12","USER-2883"
"USER-13","USER-278"
"USER-16","USER-15"
"USER-15","USER-1351"
"USER-17","USER-18"
"USER-19","USER-3466"
"USER-14","USER-20"
"USER-20","USER-16"
"USER-23","USER-34"
"USER-22","USER-14"
"USER-18","USER-630"
"USER-21","USER-17"
"USER-24","USER-3450"
"USER-31","USER-223"
"USER-30","USER-27"
"USER-29","USER-3537"
"USER-28","USER-30"
"USER-27","USER-1154"
"USER-26","USER-49"
"USER-32","USER-23"
"USER-38","USER-17"
"USER-37","USER-35"
"USER-36","USER-17"
"USER-35","USER-231"
"USER-34","USER-36"
"USER-33","USER-17"
"USER-40","USER-1423"
"USER-39","USER-1810"
"USER-42","USER-246"
"USER-49","USER-222"
"USER-48","USER-4737"
"USER-47","USER-1944"
"USER-46","USER-50"
"USER-45","USER-39"
"USER-44","USER-4998"
"USER-50","USER-184"
"USER-43","USER-897"
"USER-51","USER-876"
"USER-59","USER-4420"
"USER-58","USER-1076"
"USER-57","USER-55"
"USER-56","USER-68"
"USER-55","USER-7"
"USER-54","USER-238"
"USER-53","USER-47"
"USER-60","USER-163"
"USER-87","USER-60"
"USER-86","USER-2046"
"USER-85","USER-67"
"USER-84","USER-340"
"USER-83","USER-49"
"USER-82","USER-361"
"USER-81","USER-272"
"USER-80","USER-313"
"USER-79","USER-2985"
"USER-78","USER-444"
"USER-77","USER-1229"
"USER-76","USER-70"
"USER-75","USER-640"
"USER-74","USER-129"
"USER-73","USER-1682"
"USER-72","USER-246"
"USER-71","USER-227"
"USER-70","USER-85"
"USER-69","USER-79"
"USER-68","USER-948"
"USER-67","USER-236"
"USER-66","USER-71"
"USER-65","USER-61"
"USER-64","USER-6421"
"USER-63","USER-4360"
"USER-62","USER-72"
"USER-88","USER-412"
"USER-89","USER-239"
"USER-90","USER-7"
"USER-92","USER-1214"
"USER-93","USER-1170"
"USER-94","USER-2650"
"USER-5","USER-9"
"USER-95","USER-98"
"USER-99","USER-111"
"USER-98","USER-699"
"USER-97","USER-58"
"USER-100","USER-1379"
"USER-102","USER-106"
"USER-109","USER-105"
"USER-108","USER-444"
"USER-107","USER-49"
"USER-106","USER-490"
"USER-105","USER-58"
"USER-104","USER-594"
"USER-110","USER-47"
"USER-116","USER-120"
"USER-115","USER-3841"
"USER-114","USER-68"
"USER-113","USER-116"
"USER-112","USER-1423"
"USER-117","USER-49"
"USER-122","USER-47"
"USER-121","USER-85"
"USER-120","USER-225"
"USER-119","USER-70"
"USER-118","USER-49"
"USER-123","USER-353"
"USER-128","USER-787"
"USER-127","USER-62"
"USER-126","USER-68"
"USER-125","USER-6353"
"USER-131","USER-882"
"USER-130","USER-1375"
"USER-129","USER-62"
"USER-132","USER-118"
"USER-134","USER-631"
"USER-133","USER-1531"
"USER-137","USER-211"
"USER-136","USER-1072"
"USER-139","USER-17"
"USER-138","USER-34"
"USER-140","USER-1293"
"USER-144","USER-1216"
"USER-143","USER-146"
"USER-142","USER-299"
"USER-145","USER-336"
"USER-150","USER-649"
"USER-149","USER-167"
"USER-148","USER-2127"
"USER-147","USER-144"
"USER-151","USER-1106"
"USER-154","USER-301"
"USER-155","USER-156"
"USER-159","USER-6351"
"USER-158","USER-2217"
"USER-157","USER-56"
"USER-160","USER-80"
"USER-170","USER-149"
"USER-169","USER-1844"
"USER-168","USER-891"
"USER-167","USER-274"
"USER-153","USER-885"
"USER-166","USER-272"
"USER-165","USER-248"
"USER-164","USER-142"
"USER-163","USER-323"
"USER-162","USER-5113"
"USER-101","USER-745"
"USER-174","USER-452"
"USER-173","USER-161"
"USER-161","USER-60"
"USER-172","USER-452"
"USER-179","USER-440"
"USER-178","USER-85"
"USER-177","USER-1186"
"USER-176","USER-113"
"USER-175","USER-116"
"USER-182","USER-58"
"USER-181","USER-84"
"USER-180","USER-384"
"USER-185","USER-236"
"USER-184","USER-323"
"USER-183","USER-179"
"USER-186","USER-640"
"USER-188","USER-163"
"USER-187","USER-149"
"USER-189","USER-653"
"USER-202","USER-192"
"USER-201","USER-200"
"USER-200","USER-779"
"USER-199","USER-197"
"USER-198","USER-919"
"USER-197","USER-1770"
"USER-196","USER-191"
"USER-195","USER-1058"
"USER-194","USER-1236"
"USER-193","USER-199"
"USER-192","USER-2390"
"USER-191","USER-918"
"USER-203","USER-205"
"USER-211","USER-909"
"USER-210","USER-535"
"USER-209","USER-67"
"USER-208","USER-729"
"USER-207","USER-76"
"USER-206","USER-87"
"USER-205","USER-208"
"USER-204","USER-401"
"USER-216","USER-1138"
"USER-215","USER-212"
"USER-214","USER-206"
"USER-213","USER-593"
"USER-217","USER-1148"
"USER-218","USER-248"
"USER-219","USER-29"
"USER-221","USER-226"
"USER-227","USER-1073"
"USER-226","USER-52"
"USER-225","USER-136"
"USER-224","USER-58"
"USER-223","USER-71"
"USER-228","USER-524"
"USER-222","USER-61"
"USER-229","USER-3549"
"USER-231","USER-114"
"USER-220","USER-211"
"USER-234","USER-81"
"USER-233","USER-1963"
"USER-232","USER-211"
"USER-61","USER-224"
"USER-235","USER-61"
"USER-238","USER-727"
"USER-237","USER-87"
"USER-236","USER-6365"
"USER-52","USER-598"
"USER-239","USER-236"
"USER-242","USER-551"
"USER-241","USER-240"
"USER-240","USER-111"
"USER-245","USER-444"
"USER-244","USER-6413"
"USER-246","USER-61"
"USER-247","USER-2124"
"USER-248","USER-254"
"USER-253","USER-49"
"USER-252","USER-258"
"USER-251","USER-1222"
"USER-250","USER-518"
"USER-256","USER-153"
"USER-255","USER-49"
"USER-254","USER-1815"
"USER-249","USER-1536"
"USER-260","USER-248"
"USER-259","USER-248"
"USER-258","USER-49"
"USER-261","USER-259"
"USER-146","USER-161"
"USER-263","USER-149"
"USER-266","USER-1813"
"USER-265","USER-1877"
"USER-264","USER-2001"
"USER-257","USER-62"
"USER-267","USER-1997"
"USER-269","USER-251"
"USER-268","USER-146"
"USER-270","USER-984"
"USER-273","USER-1058"
"USER-272","USER-909"
"USER-271","USER-270"
"USER-274","USER-83"
"USER-276","USER-248"
"USER-275","USER-334"
"USER-277","USER-429"
"USER-279","USER-5286"
"USER-281","USER-2690"
"USER-280","USER-2239"
"USER-282","USER-2551"
"USER-284","USER-1155"
"USER-285","USER-2331"
"USER-290","USER-2018"
"USER-289","USER-7"
"USER-288","USER-340"
"USER-287","USER-111"
"USER-291","USER-3447"
"USER-296","USER-3434"
"USER-295","USER-71"
"USER-294","USER-6113"
"USER-293","USER-244"
"USER-297","USER-120"
"USER-299","USER-1801"
"USER-304","USER-49"
"USER-303","USER-146"
"USER-302","USER-2420"
"USER-301","USER-303"
"USER-306","USER-309"
"USER-305","USER-4012"
"USER-171","USER-146"
"USER-307","USER-311"
"USER-311","USER-142"
"USER-310","USER-311"
"USER-309","USER-142"
"USER-313","USER-222"
"USER-317","USER-356"
"USER-316","USER-315"
"USER-315","USER-884"
"USER-314","USER-2915"
"USER-318","USER-343"
"USER-111","USER-679"
"USER-320","USER-699"
"USER-322","USER-323"
"USER-321","USER-328"
"USER-328","USER-245"
"USER-327","USER-150"
"USER-326","USER-7"
"USER-325","USER-5374"
"USER-324","USER-328"
"USER-332","USER-245"
"USER-331","USER-321"
"USER-330","USER-331"
"USER-329","USER-5759"
"USER-333","USER-81"
"USER-334","USER-3033"
"USER-340","USER-56"
"USER-339","USER-337"
"USER-338","USER-319"
"USER-319","USER-1112"
"USER-337","USER-707"
"USER-336","USER-111"
"USER-343","USER-47"
"USER-342","USER-340"
"USER-349","USER-348"
"USER-348","USER-77"
"USER-347","USER-111"
"USER-346","USER-2008"
"USER-345","USER-81"
"USER-350","USER-55"
"USER-352","USER-344"
"USER-351","USER-960"
"USER-353","USER-787"
"USER-354","USER-101"
"USER-356","USER-573"
"USER-355","USER-708"
"USER-358","USER-111"
"USER-357","USER-55"
"USER-362","USER-360"
"USER-361","USER-246"
"USER-360","USER-747"
"USER-359","USER-319"
"USER-344","USER-1100"
"USER-365","USER-2126"
"USER-364","USER-548"
"USER-363","USER-343"
"USER-368","USER-1779"
"USER-367","USER-368"
"USER-366","USER-1986"
"USER-370","USER-1801"
"USER-369","USER-1915"
"USER-371","USER-279"
"USER-372","USER-85"
"USER-374","USER-80"
"USER-373","USER-598"
"USER-376","USER-2420"
"USER-377","USER-371"
"USER-378","USER-268"
"USER-379","USER-6367"
"USER-386","USER-870"
"USER-385","USER-781"
"USER-384","USER-382"
"USER-383","USER-3820"
"USER-382","USER-3145"
"USER-381","USER-86"
"USER-389","USER-6216"
"USER-380","USER-521"
"USER-388","USER-1310"
"USER-392","USER-25"
"USER-391","USER-94"
"USER-25","USER-111"
"USER-393","USER-390"
"USER-390","USER-391"
"USER-398","USER-458"
"USER-397","USER-166"
"USER-396","USER-395"
"USER-395","USER-684"
"USER-394","USER-1614"
"USER-400","USER-694"
"USER-402","USER-1733"
"USER-401","USER-1177"
"USER-403","USER-589"
"USER-405","USER-288"
"USER-410","USER-619"
"USER-409","USER-3426"
"USER-408","USER-2228"
"USER-407","USER-406"
"USER-411","USER-410"
"USER-418","USER-61"
"USER-417","USER-1015"
"USER-416","USER-184"
"USER-415","USER-45"
"USER-414","USER-6415"
"USER-413","USER-191"
"USER-412","USER-68"
"USER-419","USER-1079"
"USER-425","USER-2346"
"USER-424","USER-419"
"USER-423","USER-39"
"USER-406","USER-405"
"USER-422","USER-419"
"USER-421","USER-80"
"USER-420","USER-414"
"USER-427","USER-458"
"USER-428","USER-433"
"USER-433","USER-435"
"USER-432","USER-983"
"USER-431","USER-430"
"USER-430","USER-111"
"USER-429","USER-919"
"USER-435","USER-225"
"USER-434","USER-430"
"USER-437","USER-86"
"USER-438","USER-39"
"USER-426","USER-418"
"USER-439","USER-440"
"USER-442","USER-315"
"USER-441","USER-442"
"USER-443","USER-444"
"USER-446","USER-225"
"USER-448","USER-8"
"USER-447","USER-63"
"USER-449","USER-96"
"USER-457","USER-172"
"USER-456","USER-2331"
"USER-455","USER-243"
"USER-454","USER-482"
"USER-453","USER-452"
"USER-452","USER-481"
"USER-451","USER-484"
"USER-458","USER-6416"
"USER-459","USER-461"
"USER-460","USER-4461"
"USER-469","USER-467"
"USER-468","USER-2240"
"USER-467","USER-237"
"USER-466","USER-465"
"USER-465","USER-113"
"USER-464","USER-466"
"USER-463","USER-464"
"USER-462","USER-469"
"USER-461","USER-462"
"USER-471","USER-2126"
"USER-470","USER-52"
"USER-472","USER-49"
"USER-473","USER-6"
"USER-474","USER-135"
"USER-480","USER-679"
"USER-479","USER-213"
"USER-478","USER-42"
"USER-477","USER-28"
"USER-476","USER-213"
"USER-484","USER-1236"
"USER-483","USER-482"
"USER-482","USER-39"
"USER-488","USER-487"
"USER-487","USER-486"
"USER-486","USER-4851"
"USER-489","USER-323"
"USER-490","USER-67"
"USER-497","USER-490"
"USER-496","USER-490"
"USER-495","USER-875"
"USER-494","USER-80"
"USER-493","USER-497"
"USER-492","USER-4389"
"USER-491","USER-490"
"USER-499","USER-49"
"USER-501","USER-373"
"USER-500","USER-161"
"USER-502","USER-515"
"USER-504","USER-301"
"USER-503","USER-5339"
"USER-508","USER-960"
"USER-507","USER-960"
"USER-506","USER-508"
"USER-509","USER-960"
"USER-505","USER-189"
"USER-510","USER-5779"
"USER-512","USER-7"
"USER-514","USER-7"
"USER-521","USER-1149"
"USER-520","USER-519"
"USER-519","USER-521"
"USER-518","USER-49"
"USER-517","USER-667"
"USER-516","USER-3076"
"USER-91","USER-4866"
"USER-522","USER-834"
"USER-485","USER-379"
"USER-523","USER-667"
"USER-524","USER-533"
"USER-526","USER-2023"
"USER-533","USER-2107"
"USER-532","USER-530"
"USER-531","USER-414"
"USER-530","USER-2365"
"USER-529","USER-4780"
"USER-528","USER-214"
"USER-527","USER-70"
"USER-534","USER-1452"
"USER-538","USER-136"
"USER-537","USER-536"
"USER-536","USER-534"
"USER-535","USER-3826"
"USER-539","USER-1586"
"USER-545","USER-86"
"USER-544","USER-745"
"USER-543","USER-539"
"USER-542","USER-110"
"USER-541","USER-558"
"USER-559","USER-1094"
"USER-558","USER-6404"
"USER-557","USER-1685"
"USER-556","USER-114"
"USER-555","USER-1324"
"USER-554","USER-559"
"USER-553","USER-552"
"USER-552","USER-550"
"USER-551","USER-68"
"USER-550","USER-546"
"USER-549","USER-1236"
"USER-548","USER-361"
"USER-547","USER-1328"
"USER-560","USER-1418"
"USER-567","USER-4008"
"USER-566","USER-563"
"USER-565","USER-8"
"USER-564","USER-566"
"USER-563","USER-562"
"USER-562","USER-3799"
"USER-580","USER-552"
"USER-579","USER-4310"
"USER-546","USER-547"
"USER-578","USER-577"
"USER-577","USER-576"
"USER-576","USER-557"
"USER-575","USER-547"
"USER-574","USER-766"
"USER-573","USER-68"
"USER-572","USER-98"
"USER-571","USER-695"
"USER-570","USER-5776"
"USER-569","USER-318"
"USER-582","USER-3174"
"USER-581","USER-47"
"USER-583","USER-156"
"USER-584","USER-42"
"USER-568","USER-379"
"USER-589","USER-7"
"USER-588","USER-4607"
"USER-587","USER-3670"
"USER-586","USER-1454"
"USER-585","USER-547"
"USER-592","USER-125"
"USER-591","USER-495"
"USER-593","USER-658"
"USER-598","USER-136"
"USER-597","USER-5340"
"USER-596","USER-658"
"USER-525","USER-223"
"USER-595","USER-657"
"USER-594","USER-541"
"USER-603","USER-549"
"USER-602","USER-42"
"USER-601","USER-2472"
"USER-600","USER-63"
"USER-323","USER-5016"
"USER-604","USER-6137"
"USER-605","USER-6312"
"USER-606","USER-2977"
"USER-515","USER-518"
"USER-607","USER-313"
"USER-610","USER-544"
"USER-609","USER-55"
"USER-292","USER-758"
"USER-613","USER-274"
"USER-612","USER-611"
"USER-616","USER-950"
"USER-615","USER-55"
"USER-614","USER-380"
"USER-619","USER-238"
"USER-620","USER-621"
"USER-624","USER-4926"
"USER-623","USER-593"
"USER-622","USER-667"
"USER-440","USER-129"
"USER-625","USER-593"
"USER-628","USER-5055"
"USER-627","USER-5055"
"USER-626","USER-1510"
"USER-629","USER-153"
"USER-631","USER-844"
"USER-633","USER-231"
"USER-634","USER-1229"
"USER-636","USER-146"
"USER-635","USER-153"
"USER-312","USER-1191"
"USER-637","USER-984"
"USER-638","USER-184"
"USER-639","USER-80"
"USER-444","USER-1074"
"USER-644","USER-323"
"USER-643","USER-146"
"USER-642","USER-1033"
"USER-646","USER-101"
"USER-645","USER-361"
"USER-647","USER-652"
"USER-653","USER-6425"
"USER-652","USER-834"
"USER-651","USER-323"
"USER-650","USER-835"
"USER-649","USER-6426"
"USER-648","USER-237"
"USER-654","USER-1059"
"USER-656","USER-844"
"USER-655","USER-2388"
"USER-657","USER-2372"
"USER-662","USER-525"
"USER-661","USER-593"
"USER-660","USER-662"
"USER-659","USER-8"
"USER-663","USER-70"
"USER-665","USER-982"
"USER-666","USER-58"
"USER-667","USER-3034"
"USER-668","USER-669"
"USER-674","USER-133"
"USER-673","USER-94"
"USER-672","USER-3217"
"USER-671","USER-670"
"USER-670","USER-523"
"USER-675","USER-681"
"USER-676","USER-3590"
"USER-677","USER-3214"
"USER-680","USER-126"
"USER-679","USER-108"
"USER-684","USER-1229"
"USER-243","USER-289"
"USER-683","USER-59"
"USER-682","USER-243"
"USER-681","USER-58"
"USER-678","USER-56"
"USER-96","USER-290"
"USER-685","USER-667"
"USER-693","USER-364"
"USER-692","USER-1040"
"USER-691","USER-692"
"USER-690","USER-55"
"USER-689","USER-2506"
"USER-688","USER-4124"
"USER-687","USER-686"
"USER-686","USER-64"
"USER-694","USER-161"
"USER-696","USER-900"
"USER-695","USER-2551"
"USER-699","USER-1078"
"USER-698","USER-1677"
"USER-697","USER-1383"
"USER-700","USER-701"
"USER-702","USER-1605"
"USER-704","USER-705"
"USER-703","USER-6401"
"USER-706","USER-2701"
"USER-705","USER-702"
"USER-701","USER-211"
"USER-707","USER-449"
"USER-710","USER-217"
"USER-286","USER-993"
"USER-709","USER-364"
"USER-708","USER-95"
"USER-711","USER-337"
"USER-712","USER-290"
"USER-716","USER-460"
"USER-715","USER-717"
"USER-714","USER-237"
"USER-717","USER-237"
"USER-713","USER-653"
"USER-640","USER-153"
"USER-718","USER-56"
"USER-719","USER-3318"
"USER-720","USER-715"
"USER-722","USER-81"
"USER-725","USER-473"
"USER-724","USER-198"
"USER-726","USER-69"
"USER-731","USER-225"
"USER-730","USER-731"
"USER-729","USER-6230"
"USER-728","USER-59"
"USER-727","USER-7"
"USER-156","USER-155"
"USER-743","USER-731"
"USER-742","USER-729"
"USER-741","USER-5084"
"USER-740","USER-2072"
"USER-739","USER-131"
"USER-738","USER-2250"
"USER-737","USER-727"
"USER-736","USER-71"
"USER-735","USER-726"
"USER-734","USER-730"
"USER-733","USER-1600"
"USER-732","USER-735"
"USER-744","USER-150"
"USER-745","USER-1582"
"USER-746","USER-161"
"USER-747","USER-318"
"USER-748","USER-318"
"USER-749","USER-681"
"USER-750","USER-111"
"USER-751","USER-184"
"USER-753","USER-6152"
"USER-754","USER-1908"
"USER-755","USER-111"
"USER-756","USER-4747"
"USER-759","USER-724"
"USER-758","USER-832"
"USER-760","USER-7"
"USER-766","USER-191"
"USER-765","USER-900"
"USER-764","USER-766"
"USER-763","USER-765"
"USER-762","USER-763"
"USER-761","USER-762"
"USER-767","USER-6287"
"USER-278","USER-16"
"USER-757","USER-2869"
"USER-768","USER-42"
"USER-776","USER-80"
"USER-775","USER-774"
"USER-774","USER-785"
"USER-773","USER-768"
"USER-772","USER-584"
"USER-771","USER-2894"
"USER-770","USER-772"
"USER-777","USER-774"
"USER-778","USER-3254"
"USER-779","USER-198"
"USER-781","USER-3345"
"USER-780","USER-1040"
"USER-783","USER-1398"
"USER-782","USER-637"
"USER-785","USER-80"
"USER-784","USER-645"
"USER-786","USER-558"
"USER-788","USER-829"
"USER-789","USER-788"
"USER-799","USER-798"
"USER-798","USER-55"
"USER-797","USER-55"
"USER-796","USER-795"
"USER-795","USER-812"
"USER-794","USER-790"
"USER-793","USER-792"
"USER-792","USER-812"
"USER-791","USER-790"
"USER-800","USER-794"
"USER-805","USER-804"
"USER-804","USER-803"
"USER-803","USER-795"
"USER-802","USER-55"
"USER-801","USER-812"
"USER-790","USER-55"
"USER-807","USER-55"
"USER-806","USER-798"
"USER-815","USER-809"
"USER-814","USER-817"
"USER-813","USER-792"
"USER-812","USER-821"
"USER-811","USER-810"
"USER-810","USER-809"
"USER-809","USER-818"
"USER-808","USER-820"
"USER-821","USER-55"
"USER-820","USER-814"
"USER-819","USER-823"
"USER-818","USER-801"
"USER-817","USER-816"
"USER-816","USER-815"
"USER-822","USER-812"
"USER-825","USER-2433"
"USER-824","USER-4994"
"USER-823","USER-816"
"USER-621","USER-1555"
"USER-826","USER-875"
"USER-827","USER-47"
"USER-833","USER-832"
"USER-832","USER-4727"
"USER-831","USER-3073"
"USER-830","USER-828"
"USER-829","USER-66"
"USER-828","USER-833"
"USER-835","USER-650"
"USER-834","USER-3661"
"USER-836","USER-694"
"USER-839","USER-58"
"USER-838","USER-289"
"USER-842","USER-52"
"USER-841","USER-47"
"USER-840","USER-61"
"USER-837","USER-781"
"USER-843","USER-4727"
"USER-844","USER-47"
"USER-845","USER-47"
"USER-846","USER-3"
"USER-848","USER-3921"
"USER-847","USER-39"
"USER-849","USER-857"
"USER-857","USER-3749"
"USER-856","USER-855"
"USER-855","USER-854"
"USER-854","USER-853"
"USER-853","USER-28"
"USER-852","USER-225"
"USER-851","USER-66"
"USER-850","USER-657"
"USER-858","USER-39"
"USER-860","USER-2432"
"USER-859","USER-184"
"USER-861","USER-156"
"USER-862","USER-318"
"USER-863","USER-114"
"USER-864","USER-870"
"USER-872","USER-226"
"USER-871","USER-868"
"USER-870","USER-446"
"USER-869","USER-866"
"USER-868","USER-223"
"USER-867","USER-869"
"USER-866","USER-5278"
"USER-865","USER-1854"
"USER-878","USER-356"
"USER-877","USER-878"
"USER-876","USER-2434"
"USER-875","USER-4338"
"USER-874","USER-1644"
"USER-879","USER-244"
"USER-880","USER-184"
"USER-883","USER-288"
"USER-882","USER-129"
"USER-881","USER-182"
"USER-885","USER-49"
"USER-884","USER-541"
"USER-886","USER-894"
"USER-887","USER-2495"
"USER-890","USER-2165"
"USER-889","USER-4597"
"USER-892","USER-187"
"USER-891","USER-1844"
"USER-893","USER-895"
"USER-896","USER-248"
"USER-895","USER-186"
"USER-894","USER-299"
"USER-897","USER-323"
"USER-902","USER-61"
"USER-901","USER-2112"
"USER-900","USER-249"
"USER-899","USER-898"
"USER-898","USER-1445"
"USER-905","USER-4142"
"USER-904","USER-238"
"USER-903","USER-61"
"USER-906","USER-161"
"USER-909","USER-1075"
"USER-908","USER-54"
"USER-907","USER-49"
"USER-911","USER-653"
"USER-910","USER-323"
"USER-912","USER-2746"
"USER-913","USER-322"
"USER-914","USER-323"
"USER-915","USER-3202"
"USER-917","USER-68"
"USER-919","USER-61"
"USER-920","USER-928"
"USER-926","USER-925"
"USER-925","USER-924"
"USER-924","USER-927"
"USER-923","USER-922"
"USER-922","USER-921"
"USER-928","USER-924"
"USER-927","USER-922"
"USER-921","USER-926"
"USER-929","USER-933"
"USER-930","USER-28"
"USER-932","USER-66"
"USER-931","USER-701"
"USER-935","USER-1071"
"USER-934","USER-649"
"USER-938","USER-635"
"USER-937","USER-7"
"USER-936","USER-189"
"USER-940","USER-942"
"USER-944","USER-5490"
"USER-943","USER-4266"
"USER-942","USER-944"
"USER-945","USER-948"
"USER-948","USER-3207"
"USER-947","USER-56"
"USER-949","USER-129"
"USER-951","USER-178"
"USER-950","USER-6399"
"USER-952","USER-304"
"USER-959","USER-45"
"USER-958","USER-7"
"USER-957","USER-3114"
"USER-956","USER-91"
"USER-955","USER-104"
"USER-962","USER-560"
"USER-961","USER-592"
"USER-960","USER-3207"
"USER-963","USER-957"
"USER-966","USER-838"
"USER-965","USER-1572"
"USER-968","USER-323"
"USER-967","USER-239"
"USER-969","USER-5938"
"USER-445","USER-2264"
"USER-970","USER-38"
"USER-972","USER-558"
"USER-974","USER-34"
"USER-975","USER-101"
"USER-976","USER-23"
"USER-979","USER-370"
"USER-978","USER-1401"
"USER-982","USER-541"
"USER-981","USER-3540"
"USER-980","USER-657"
"USER-983","USER-7"
"USER-987","USER-949"
"USER-986","USER-987"
"USER-985","USER-76"
"USER-989","USER-153"
"USER-990","USER-111"
"USER-993","USER-7"
"USER-992","USER-2995"
"USER-994","USER-1001"
"USER-997","USER-3196"
"USER-996","USER-192"
"USER-998","USER-195"
"USER-1002","USER-699"
"USER-1001","USER-125"
"USER-1000","USER-3003"
"USER-999","USER-288"
"USER-995","USER-2917"
"USER-1004","USER-753"
"USER-1003","USER-47"
"USER-1006","USER-142"
"USER-1005","USER-49"
"USER-1010","USER-1999"
"USER-1009","USER-1008"
"USER-1008","USER-49"
"USER-1007","USER-142"
"USER-1012","USER-171"
"USER-1013","USER-49"
"USER-1015","USER-142"
"USER-1029","USER-1018"
"USER-1028","USER-206"
"USER-1027","USER-593"
"USER-1026","USER-2358"
"USER-1025","USER-211"
"USER-1024","USER-1026"
"USER-1023","USER-2964"
"USER-1022","USER-87"
"USER-1021","USER-108"
"USER-1020","USER-214"
"USER-1019","USER-1021"
"USER-1018","USER-1016"
"USER-1017","USER-2700"
"USER-1032","USER-323"
"USER-1031","USER-3645"
"USER-1034","USER-273"
"USER-1033","USER-656"
"USER-1040","USER-1707"
"USER-1039","USER-309"
"USER-1038","USER-60"
"USER-1037","USER-2821"
"USER-1036","USER-2232"
"USER-1035","USER-1037"
"USER-1044","USER-150"
"USER-1043","USER-3564"
"USER-1042","USER-1041"
"USER-1047","USER-142"
"USER-1046","USER-4597"
"USER-1048","USER-104"
"USER-1052","USER-104"
"USER-1051","USER-1050"
"USER-1050","USER-1048"
"USER-1049","USER-5683"
"USER-1054","USER-68"
"USER-1053","USER-589"
"USER-1055","USER-54"
"USER-1056","USER-1058"
"USER-1057","USER-47"
"USER-1058","USER-2237"
"USER-1062","USER-4678"
"USER-1061","USER-40"
"USER-1060","USER-61"
"USER-1059","USER-63"
"USER-1065","USER-236"
"USER-1064","USER-745"
"USER-1063","USER-4813"
"USER-1067","USER-56"
"USER-1066","USER-125"
"USER-1068","USER-2825"
"USER-1069","USER-83"
"USER-1071","USER-244"
"USER-1076","USER-221"
"USER-1075","USER-29"
"USER-1074","USER-525"
"USER-1073","USER-49"
"USER-1082","USER-63"
"USER-984","USER-58"
"USER-1081","USER-1082"
"USER-1080","USER-6062"
"USER-1079","USER-101"
"USER-1078","USER-6410"
"USER-1077","USER-68"
"USER-1084","USER-3986"
"USER-1086","USER-1426"
"USER-1085","USER-1236"
"USER-1083","USER-7"
"USER-1090","USER-7"
"USER-1089","USER-1090"
"USER-1088","USER-4234"
"USER-1087","USER-4233"
"USER-1099","USER-706"
"USER-1098","USER-56"
"USER-1097","USER-58"
"USER-1096","USER-104"
"USER-1095","USER-1040"
"USER-1094","USER-39"
"USER-1093","USER-3"
"USER-1092","USER-987"
"USER-1091","USER-236"
"USER-630","USER-826"
"USER-1100","USER-148"
"USER-1102","USER-1464"
"USER-1101","USER-6407"
"USER-1104","USER-49"
"USER-1103","USER-1626"
"USER-1105","USER-145"
"USER-1108","USER-347"
"USER-1107","USER-319"
"USER-1106","USER-4389"
"USER-1109","USER-2865"
"USER-1111","USER-50"
"USER-1110","USER-347"
"USER-1112","USER-111"
"USER-1113","USER-111"
"USER-1114","USER-101"
"USER-1115","USER-1118"
"USER-1116","USER-964"
"USER-1120","USER-1119"
"USER-1119","USER-894"
"USER-1118","USER-299"
"USER-1123","USER-302"
"USER-1122","USER-309"
"USER-1124","USER-282"
"USER-1125","USER-171"
"USER-141","USER-1804"
"USER-1126","USER-157"
"USER-1127","USER-509"
"USER-1130","USER-828"
"USER-1129","USER-830"
"USER-1128","USER-1129"
"USER-1131","USER-177"
"USER-1132","USER-4873"
"USER-617","USER-125"
"USER-1134","USER-3555"
"USER-1135","USER-85"
"USER-1136","USER-1137"
"USER-1137","USER-1072"
"USER-1072","USER-211"
"USER-1145","USER-225"
"USER-1144","USER-890"
"USER-1143","USER-525"
"USER-1142","USER-3534"
"USER-1141","USER-401"
"USER-1140","USER-69"
"USER-1139","USER-176"
"USER-1138","USER-81"
"USER-1147","USER-211"
"USER-1146","USER-2023"
"USER-1148","USER-1140"
"USER-1154","USER-524"
"USER-1153","USER-217"
"USER-212","USER-873"
"USER-1152","USER-5499"
"USER-1151","USER-4249"
"USER-1150","USER-515"
"USER-1149","USER-206"
"USER-1156","USER-1155"
"USER-1166","USER-66"
"USER-1165","USER-1161"
"USER-1164","USER-71"
"USER-1163","USER-1165"
"USER-1162","USER-136"
"USER-1161","USER-1166"
"USER-1160","USER-533"
"USER-1159","USER-1157"
"USER-1158","USER-1966"
"USER-1157","USER-1164"
"USER-1168","USER-323"
"USER-1167","USER-128"
"USER-1169","USER-2290"
"USER-1170","USER-153"
"USER-1171","USER-689"
"USER-1178","USER-225"
"USER-1177","USER-1552"
"USER-1176","USER-2385"
"USER-1175","USER-6345"
"USER-1174","USER-826"
"USER-1173","USER-875"
"USER-1172","USER-1184"
"USER-1181","USER-49"
"USER-1180","USER-1010"
"USER-1179","USER-49"
"USER-1183","USER-243"
"USER-1182","USER-1186"
"USER-1184","USER-1046"
"USER-1185","USER-166"
"USER-1187","USER-40"
"USER-1186","USER-875"
"USER-1188","USER-1449"
"USER-1190","USER-1242"
"USER-1193","USER-1459"
"USER-1192","USER-1755"
"USER-1194","USER-14"
"USER-1195","USER-1779"
"USER-1197","USER-1196"
"USER-1199","USER-1362"
"USER-1200","USER-91"
"USER-1202","USER-379"
"USER-1204","USER-4764"
"USER-1201","USER-7"
"USER-1205","USER-91"
"USER-1215","USER-948"
"USER-1214","USER-512"
"USER-1213","USER-1659"
"USER-1212","USER-193"
"USER-1211","USER-2416"
"USER-1210","USER-3630"
"USER-1209","USER-912"
"USER-1208","USER-1210"
"USER-1207","USER-1828"
"USER-1206","USER-1111"
"USER-1222","USER-1819"
"USER-1221","USER-248"
"USER-1220","USER-249"
"USER-1219","USER-266"
"USER-1218","USER-1217"
"USER-1217","USER-1337"
"USER-1226","USER-987"
"USER-1225","USER-879"
"USER-1224","USER-490"
"USER-873","USER-2073"
"USER-1230","USER-444"
"USER-1229","USER-39"
"USER-1228","USER-541"
"USER-1231","USER-1240"
"USER-1237","USER-243"
"USER-1236","USER-6411"
"USER-1235","USER-80"
"USER-1234","USER-549"
"USER-1233","USER-1247"
"USER-1232","USER-1241"
"USER-1238","USER-677"
"USER-1250","USER-6051"
"USER-1249","USER-1248"
"USER-1248","USER-1247"
"USER-1247","USER-2581"
"USER-1246","USER-1245"
"USER-1245","USER-3528"
"USER-1244","USER-1250"
"USER-1243","USER-238"
"USER-1242","USER-1247"
"USER-1241","USER-1263"
"USER-1191","USER-679"
"USER-1240","USER-69"
"USER-1239","USER-63"
"USER-1251","USER-1254"
"USER-1254","USER-551"
"USER-1253","USER-541"
"USER-1252","USER-60"
"USER-1256","USER-541"
"USER-1255","USER-19"
"USER-1258","USER-433"
"USER-1257","USER-68"
"USER-1264","USER-1224"
"USER-1263","USER-5492"
"USER-1262","USER-699"
"USER-1261","USER-1234"
"USER-1259","USER-544"
"USER-1266","USER-1269"
"USER-1272","USER-1270"
"USER-1271","USER-1443"
"USER-1270","USER-746"
"USER-1269","USER-153"
"USER-1268","USER-1272"
"USER-1274","USER-1005"
"USER-1273","USER-167"
"USER-1279","USER-149"
"USER-1278","USER-5763"
"USER-1277","USER-3344"
"USER-1276","USER-304"
"USER-1284","USER-161"
"USER-1283","USER-1282"
"USER-1282","USER-745"
"USER-1281","USER-153"
"USER-1280","USER-301"
"USER-1275","USER-1984"
"USER-1285","USER-49"
"USER-1267","USER-153"
"USER-1287","USER-1268"
"USER-1286","USER-1271"
"USER-1216","USER-251"
"USER-1289","USER-3633"
"USER-1288","USER-957"
"USER-1290","USER-3134"
"USER-1293","USER-153"
"USER-1292","USER-1817"
"USER-1291","USER-143"
"USER-3221","USER-2711"
"USER-3224","USER-1474"
"USER-3223","USER-2360"
"USER-3225","USER-144"
"USER-3222","USER-2712"
"USER-3227","USER-2208"
"USER-3229","USER-401"
"USER-3228","USER-1142"
"USER-3231","USER-3230"
"USER-3230","USER-114"
"USER-3232","USER-237"
"USER-3233","USER-249"
"USER-3238","USER-3240"
"USER-3237","USER-3235"
"USER-3236","USER-979"
"USER-3235","USER-248"
"USER-3240","USER-251"
"USER-3234","USER-3239"
"USER-3241","USER-1037"
"USER-3242","USER-4905"
"USER-3248","USER-3244"
"USER-3247","USER-3248"
"USER-3246","USER-80"
"USER-3245","USER-3247"
"USER-3244","USER-492"
"USER-3243","USER-4908"
"USER-1919","USER-1918"
"USER-3249","USER-5906"
"USER-3250","USER-1016"
"USER-3251","USER-1572"
"USER-3252","USER-2728"
"USER-2895","USER-244"
"USER-3220","USER-2440"
"USER-3257","USER-87"
"USER-3256","USER-2581"
"USER-3255","USER-226"
"USER-3258","USER-153"
"USER-3260","USER-128"
"USER-3262","USER-238"
"USER-3261","USER-124"
"USER-3263","USER-993"
"USER-3264","USER-127"
"USER-3259","USER-126"
"USER-3265","USER-126"
"USER-3266","USER-3265"
"USER-3267","USER-101"
"USER-152","USER-151"
"USER-3268","USER-3140"
"USER-3270","USER-3035"
"USER-3269","USER-3270"
"USER-3271","USER-3277"
"USER-3277","USER-3276"
"USER-3276","USER-3275"
"USER-3275","USER-3274"
"USER-3274","USER-3273"
"USER-3273","USER-3272"
"USER-3272","USER-353"
"USER-3278","USER-440"
"USER-3279","USER-227"
"USER-3280","USER-221"
"USER-3281","USER-919"
"USER-3286","USER-1508"
"USER-3285","USER-3284"
"USER-3284","USER-4041"
"USER-3283","USER-875"
"USER-283","USER-875"
"USER-3287","USER-2069"
"USER-3289","USER-1644"
"USER-3288","USER-826"
"USER-3291","USER-2396"
"USER-3290","USER-3379"
"USER-3292","USER-189"
"USER-3293","USER-108"
"USER-3294","USER-525"
"USER-2390","USER-1236"
"USER-2690","USER-101"
"USER-3295","USER-3297"
"USER-3297","USER-61"
"USER-3296","USER-4018"
"USER-3298","USER-3346"
"USER-3300","USER-163"
"USER-3302","USER-313"
"USER-3304","USER-287"
"USER-3305","USER-5366"
"USER-3306","USER-3308"
"USER-3309","USER-3317"
"USER-3308","USER-3307"
"USER-3307","USER-86"
"USER-1934","USER-3311"
"USER-3311","USER-2385"
"USER-3310","USER-1177"
"USER-3312","USER-3314"
"USER-3313","USER-3314"
"USER-3314","USER-153"
"USER-3315","USER-319"
"USER-3316","USER-166"
"USER-3319","USER-5320"
"USER-3322","USER-714"
"USER-3321","USER-3322"
"USER-3320","USER-3322"
"USER-3324","USER-3328"
"USER-3323","USER-111"
"USER-3325","USER-3318"
"USER-3318","USER-1465"
"USER-3326","USER-3324"
"USER-3328","USER-3327"
"USER-3327","USER-714"
"USER-3330","USER-3333"
"USER-3333","USER-3332"
"USER-3332","USER-3331"
"USER-3331","USER-714"
"USER-3336","USER-113"
"USER-3335","USER-714"
"USER-3337","USER-594"
"USER-3338","USER-289"
"USER-3339","USER-1928"
"USER-3340","USER-154"
"USER-3342","USER-3341"
"USER-3341","USER-349"
"USER-3346","USER-963"
"USER-3345","USER-3344"
"USER-3344","USER-4388"
"USER-3348","USER-3347"
"USER-3349","USER-1473"
"USER-3350","USER-61"
"USER-3351","USER-3922"
"USER-3352","USER-420"
"USER-3354","USER-39"
"USER-3353","USER-406"
"USER-3355","USER-61"
"USER-3356","USER-318"
"USER-3357","USER-1070"
"USER-3358","USER-64"
"USER-3359","USER-931"
"USER-3360","USER-3359"
"USER-3361","USER-3358"
"USER-3364","USER-6254"
"USER-3363","USER-3358"
"USER-3365","USER-161"
"USER-1117","USER-1039"
"USER-3366","USER-88"
"USER-3369","USER-344"
"USER-3368","USER-2250"
"USER-3367","USER-2579"
"USER-3370","USER-3366"
"USER-3371","USER-1337"
"USER-3372","USER-2698"
"USER-3373","USER-87"
"USER-3374","USER-66"
"USER-3379","USER-2391"
"USER-3378","USER-2393"
"USER-3377","USER-76"
"USER-3376","USER-5268"
"USER-3375","USER-29"
"USER-3381","USER-71"
"USER-3382","USER-535"
"USER-3383","USER-3387"
"USER-3384","USER-1094"
"USER-3385","USER-1662"
"USER-3387","USER-153"
"USER-3386","USER-3388"
"USER-3388","USER-3383"
"USER-3389","USER-76"
"USER-3394","USER-1575"
"USER-3393","USER-3091"
"USER-3392","USER-3393"
"USER-3391","USER-272"
"USER-3390","USER-215"
"USER-3395","USER-70"
"USER-3398","USER-3397"
"USER-3397","USER-3396"
"USER-3396","USER-361"
"USER-3400","USER-85"
"USER-3399","USER-55"
"USER-3401","USER-83"
"USER-3402","USER-39"
"USER-3404","USER-248"
"USER-3406","USER-1554"
"USER-3409","USER-79"
"USER-3408","USER-291"
"USER-3407","USER-1552"
"USER-3410","USER-1552"
"USER-3412","USER-3411"
"USER-3411","USER-1552"
"USER-3413","USER-389"
"USER-1656","USER-80"
"USER-3414","USER-94"
"USER-3416","USER-39"
"USER-3417","USER-40"
"USER-3418","USER-654"
"USER-3419","USER-833"
"USER-3420","USER-1536"
"USER-3421","USER-235"
"USER-3422","USER-323"
"USER-3426","USER-3422"
"USER-3425","USER-126"
"USER-3424","USER-128"
"USER-3423","USER-126"
"USER-3431","USER-128"
"USER-3430","USER-5145"
"USER-3429","USER-5145"
"USER-3428","USER-3423"
"USER-3432","USER-72"
"USER-3443","USER-3436"
"USER-3442","USER-3444"
"USER-3441","USER-3440"
"USER-3440","USER-6116"
"USER-3439","USER-213"
"USER-3438","USER-3434"
"USER-3437","USER-6114"
"USER-3436","USER-291"
"USER-3435","USER-6119"
"USER-3446","USER-136"
"USER-3445","USER-909"
"USER-3447","USER-4574"
"USER-3449","USER-49"
"USER-3448","USER-3449"
"USER-3450","USER-889"
"USER-3452","USER-3451"
"USER-3451","USER-2652"
"USER-3453","USER-61"
"USER-3455","USER-2628"
"USER-3454","USER-882"
"USER-3456","USER-136"
"USER-3457","USER-96"
"USER-3458","USER-231"
"USER-3459","USER-98"
"USER-3460","USER-111"
"USER-3466","USER-3460"
"USER-3465","USER-3463"
"USER-3464","USER-3463"
"USER-3463","USER-39"
"USER-3462","USER-621"
"USER-3461","USER-19"
"USER-3468","USER-1088"
"USER-3467","USER-244"
"USER-3469","USER-125"
"USER-3470","USER-58"
"USER-3472","USER-59"
"USER-3473","USER-244"
"USER-3475","USER-2418"
"USER-2130","USER-4463"
"USER-3477","USER-56"
"USER-3486","USER-3481"
"USER-3485","USER-3478"
"USER-3484","USER-56"
"USER-3483","USER-3480"
"USER-3482","USER-5888"
"USER-3481","USER-3480"
"USER-3480","USER-3484"
"USER-3479","USER-3477"
"USER-3489","USER-3497"
"USER-3488","USER-3483"
"USER-3487","USER-3484"
"USER-3493","USER-56"
"USER-3492","USER-3482"
"USER-3491","USER-5883"
"USER-3490","USER-3487"
"USER-3494","USER-442"
"USER-3495","USER-3482"
"USER-3478","USER-313"
"USER-3496","USER-56"
"USER-3497","USER-3492"
"USER-3499","USER-3810"
"USER-3500","USER-1454"
"USER-3502","USER-1454"
"USER-3501","USER-1223"
"USER-3503","USER-1454"
"USER-3509","USER-3508"
"USER-3508","USER-1457"
"USER-3507","USER-1223"
"USER-3506","USER-3501"
"USER-3505","USER-3520"
"USER-3504","USER-2542"
"USER-3510","USER-1028"
"USER-3512","USER-3511"
"USER-3511","USER-291"
"USER-3514","USER-227"
"USER-3513","USER-1454"
"USER-3516","USER-227"
"USER-3515","USER-1310"
"USER-3520","USER-227"
"USER-3519","USER-944"
"USER-3518","USER-1223"
"USER-3517","USER-5623"
"USER-3521","USER-56"
"USER-3522","USER-66"
"USER-3525","USER-136"
"USER-3524","USER-2165"
"USER-3523","USER-136"
"USER-3526","USER-785"
"USER-3530","USER-3527"
"USER-3529","USER-1244"
"USER-3528","USER-1242"
"USER-3527","USER-401"
"USER-3531","USER-353"
"USER-3533","USER-71"
"USER-3532","USER-211"
"USER-3534","USER-533"
"USER-3537","USER-909"
"USER-3536","USER-69"
"USER-3535","USER-2718"
"USER-3538","USER-2055"
"USER-3539","USER-458"
"USER-2116","USER-518"
"USER-3541","USER-101"
"USER-3543","USER-61"
"USER-3542","USER-49"
"USER-3547","USER-3544"
"USER-3546","USER-3547"
"USER-3545","USER-581"
"USER-230","USER-498"
"USER-3550","USER-3549"
"USER-3552","USER-3551"
"USER-3551","USER-1923"
"USER-3555","USER-722"
"USER-3554","USER-80"
"USER-3553","USER-80"
"USER-3556","USER-60"
"USER-3559","USER-3556"
"USER-3558","USER-490"
"USER-3562","USER-3561"
"USER-3561","USER-3560"
"USER-3563","USER-49"
"USER-3564","USER-4163"
"USER-3565","USER-1215"
"USER-3573","USER-3571"
"USER-3572","USER-1555"
"USER-3571","USER-3566"
"USER-3570","USER-2985"
"USER-3569","USER-2985"
"USER-3568","USER-79"
"USER-3567","USER-1552"
"USER-3566","USER-1553"
"USER-3575","USER-49"
"USER-3574","USER-144"
"USER-3576","USER-1817"
"USER-1155","USER-149"
"USER-3577","USER-49"
"USER-3578","USER-1180"
"USER-2902","USER-458"
"USER-3579","USER-2903"
"USER-3580","USER-1872"
"USER-3581","USER-525"
"USER-3582","USER-1017"
"USER-3583","USER-225"
"USER-3584","USER-527"
"USER-991","USER-87"
"USER-3591","USER-676"
"USER-3590","USER-5357"
"USER-3589","USER-42"
"USER-3588","USER-5414"
"USER-3587","USER-2918"
"USER-3586","USER-46"
"USER-3592","USER-50"
"USER-3597","USER-46"
"USER-3596","USER-48"
"USER-3595","USER-3071"
"USER-3594","USER-3587"
"USER-3593","USER-3064"
"USER-3598","USER-68"
"USER-3071","USER-729"
"USER-3600","USER-80"
"USER-3599","USER-85"
"USER-3603","USER-3921"
"USER-3602","USER-5077"
"USER-3601","USER-1120"
"USER-3604","USER-3620"
"USER-3615","USER-435"
"USER-3614","USER-11"
"USER-3613","USER-3619"
"USER-3612","USER-4210"
"USER-3611","USER-3618"
"USER-3610","USER-4148"
"USER-3609","USER-3607"
"USER-3608","USER-3620"
"USER-3607","USER-3604"
"USER-3606","USER-180"
"USER-3617","USER-3616"
"USER-3618","USER-3609"
"USER-3627","USER-3613"
"USER-3626","USER-3605"
"USER-3605","USER-6142"
"USER-3625","USER-3609"
"USER-3624","USER-5692"
"USER-3623","USER-3619"
"USER-3622","USER-3621"
"USER-3621","USER-3608"
"USER-3620","USER-3611"
"USER-3619","USER-3624"
"USER-3628","USER-61"
"USER-3629","USER-3631"
"USER-3631","USER-244"
"USER-3630","USER-5500"
"USER-3634","USER-248"
"USER-3633","USER-1216"
"USER-3632","USER-368"
"USER-3635","USER-274"
"USER-3636","USER-161"
"USER-3637","USER-1607"
"USER-1607","USER-71"
"USER-3638","USER-4159"
"USER-3639","USER-1207"
"USER-3641","USER-136"
"USER-3640","USER-71"
"USER-3642","USER-155"
"USER-3643","USER-3638"
"USER-3644","USER-47"
"USER-3646","USER-142"
"USER-3645","USER-49"
"USER-3649","USER-2069"
"USER-3648","USER-1139"
"USER-3650","USER-7"
"USER-3651","USER-7"
"USER-3653","USER-7"
"USER-3654","USER-429"
"USER-3655","USER-7"
"USER-3659","USER-3363"
"USER-3658","USER-5286"
"USER-3362","USER-3656"
"USER-3657","USER-3658"
"USER-3656","USER-3299"
"USER-3660","USER-3363"
"USER-3661","USER-648"
"USER-3663","USER-244"
"USER-3665","USER-66"
"USER-3666","USER-3665"
"USER-3667","USER-111"
"USER-3668","USER-701"
"USER-3669","USER-184"
"USER-3671","USER-847"
"USER-3670","USER-47"
"USER-3675","USER-489"
"USER-3674","USER-4389"
"USER-3673","USER-3"
"USER-3672","USER-295"
"USER-3676","USER-701"
"USER-3677","USER-7"
"USER-3678","USER-694"
"USER-3679","USER-458"
"USER-3680","USER-909"
"USER-3682","USER-304"
"USER-3681","USER-649"
"USER-3683","USER-301"
"USER-3684","USER-117"
"USER-3689","USER-49"
"USER-3433","USER-1001"
"USER-3688","USER-52"
"USER-3687","USER-3686"
"USER-3686","USER-6364"
"USER-3692","USER-3473"
"USER-3691","USER-2912"
"USER-3690","USER-244"
"USER-3693","USER-2912"
"USER-3695","USER-3537"
"USER-3694","USER-125"
"USER-3696","USER-125"
"USER-3697","USER-699"
"USER-3699","USER-40"
"USER-3698","USER-3706"
"USER-3701","USER-1142"
"USER-3700","USER-66"
"USER-3703","USER-66"
"USER-3702","USER-66"
"USER-3704","USER-1029"
"USER-3705","USER-111"
"USER-3706","USER-1035"
"USER-3708","USER-3707"
"USER-3709","USER-1831"
"USER-3710","USER-1428"
"USER-3711","USER-135"
"USER-3712","USER-70"
"USER-3715","USER-489"
"USER-3714","USER-2165"
"USER-3716","USER-135"
"USER-3717","USER-679"
"USER-1016","USER-478"
"USER-3721","USER-4819"
"USER-3720","USER-2838"
"USER-3719","USER-3720"
"USER-3718","USER-1029"
"USER-3722","USER-1572"
"USER-3724","USER-3251"
"USER-3723","USER-3724"
"USER-2117","USER-136"
"USER-3725","USER-142"
"USER-3726","USER-3188"
"USER-3727","USER-414"
"USER-3730","USER-323"
"USER-3299","USER-64"
"USER-3729","USER-2421"
"USER-2421","USER-3728"
"USER-3731","USER-333"
"USER-3735","USER-3734"
"USER-3734","USER-1060"
"USER-3733","USER-3731"
"USER-3732","USER-3733"
"USER-3736","USER-993"
"USER-2777","USER-80"
"USER-3737","USER-3736"
"USER-3738","USER-2335"
"USER-3739","USER-1620"
"USER-3741","USER-4307"
"USER-3745","USER-3741"
"USER-3744","USER-364"
"USER-3743","USER-2046"
"USER-3742","USER-150"
"USER-3747","USER-24"
"USER-3748","USER-206"
"USER-3750","USER-87"
"USER-3751","USER-223"
"USER-3752","USER-268"
"USER-3754","USER-3775"
"USER-3772","USER-3771"
"USER-3771","USER-3776"
"USER-3770","USER-3756"
"USER-3769","USER-3754"
"USER-3768","USER-3767"
"USER-3767","USER-17"
"USER-3766","USER-3754"
"USER-3765","USER-3764"
"USER-3764","USER-3755"
"USER-3763","USER-3762"
"USER-3762","USER-3761"
"USER-3761","USER-3770"
"USER-3760","USER-17"
"USER-3759","USER-3770"
"USER-3758","USER-3757"
"USER-3757","USER-3756"
"USER-3756","USER-3764"
"USER-3755","USER-3769"
"USER-3773","USER-3755"
"USER-3774","USER-3755"
"USER-3776","USER-3764"
"USER-3775","USER-18"
"USER-3662","USER-1399"
"USER-3777","USER-1474"
"USER-3781","USER-2473"
"USER-3780","USER-314"
"USER-3779","USER-449"
"USER-3778","USER-2471"
"USER-3782","USER-8"
"USER-3783","USER-3789"
"USER-3787","USER-71"
"USER-3786","USER-3787"
"USER-3785","USER-525"
"USER-3784","USER-3789"
"USER-3789","USER-6233"
"USER-3788","USER-83"
"USER-3790","USER-3789"
"USER-3792","USER-3785"
"USER-3791","USER-3788"
"USER-3793","USER-3794"
"USER-3798","USER-3794"
"USER-3797","USER-3793"
"USER-3796","USER-3793"
"USER-3795","USER-3797"
"USER-723","USER-146"
"USER-3799","USER-561"
"USER-3800","USER-521"
"USER-3801","USER-2507"
"USER-3806","USER-3805"
"USER-3805","USER-3804"
"USER-3804","USER-3803"
"USER-3803","USER-3802"
"USER-3807","USER-145"
"USER-3254","USER-81"
"USER-3808","USER-4737"
"USER-3809","USER-58"
"USER-3810","USER-3498"
"USER-3498","USER-53"
"USER-3813","USER-16"
"USER-3812","USER-3813"
"USER-3811","USER-531"
"USER-3814","USER-1923"
"USER-3815","USER-3822"
"USER-3822","USER-3821"
"USER-3821","USER-512"
"USER-3820","USER-191"
"USER-3819","USER-3820"
"USER-3818","USER-56"
"USER-3817","USER-5503"
"USER-3816","USER-1199"
"USER-3823","USER-49"
"USER-3824","USER-440"
"USER-3826","USER-1496"
"USER-3828","USER-3541"
"USER-3827","USER-61"
"USER-3829","USER-3827"
"USER-3830","USER-206"
"USER-3833","USER-76"
"USER-3832","USER-3837"
"USER-3831","USER-6141"
"USER-3834","USER-1926"
"USER-3835","USER-1153"
"USER-3837","USER-87"
"USER-3836","USER-180"
"USER-3839","USER-70"
"USER-3841","USER-2404"
"USER-3842","USER-39"
"USER-3476","USER-1061"
"USER-3843","USER-110"
"USER-3844","USER-49"
"USER-3845","USER-679"
"USER-3848","USER-2127"
"USER-3847","USER-344"
"USER-3846","USER-4463"
"USER-2748","USER-649"
"USER-3851","USER-206"
"USER-3850","USER-3849"
"USER-3857","USER-4000"
"USER-3856","USER-3855"
"USER-3855","USER-3998"
"USER-3854","USER-525"
"USER-3853","USER-3989"
"USER-3858","USER-1866"
"USER-3860","USER-4622"
"USER-3859","USER-531"
"USER-3861","USER-67"
"USER-2149","USER-630"
"USER-1265","USER-2678"
"USER-3863","USER-1265"
"USER-3862","USER-2726"
"USER-3864","USER-3753"
"USER-3753","USER-2955"
"USER-3865","USER-1265"
"USER-3867","USER-3865"
"USER-3866","USER-61"
"USER-3868","USER-3867"
"USER-3871","USER-1265"
"USER-3870","USER-98"
"USER-3186","USER-148"
"USER-3873","USER-161"
"USER-3874","USER-1739"
"USER-3872","USER-153"
"USER-3875","USER-1551"
"USER-3876","USER-3078"
"USER-3877","USER-146"
"USER-3882","USER-3376"
"USER-3881","USER-3879"
"USER-3880","USER-2985"
"USER-3879","USER-1552"
"USER-3883","USER-166"
"USER-3884","USER-19"
"USER-3885","USER-533"
"USER-3886","USER-1295"
"USER-3887","USER-313"
"USER-3888","USER-1682"
"USER-3891","USER-81"
"USER-3890","USER-3889"
"USER-3895","USER-432"
"USER-3894","USER-3893"
"USER-3893","USER-1968"
"USER-3892","USER-75"
"USER-3907","USER-593"
"USER-3906","USER-3897"
"USER-3905","USER-598"
"USER-3904","USER-3903"
"USER-3903","USER-4041"
"USER-3902","USER-3900"
"USER-3901","USER-525"
"USER-3900","USER-3899"
"USER-3899","USER-657"
"USER-3898","USER-3896"
"USER-3897","USER-3902"
"USER-3896","USER-595"
"USER-3908","USER-111"
"USER-3909","USER-333"
"USER-3889","USER-80"
"USER-3910","USER-313"
"USER-3912","USER-28"
"USER-3911","USER-1277"
"USER-3913","USER-364"
"USER-3916","USER-3915"
"USER-3915","USER-3914"
"USER-3914","USER-56"
"USER-3918","USER-2053"
"USER-3917","USER-59"
"USER-3922","USER-56"
"USER-3921","USER-679"
"USER-3920","USER-2110"
"USER-3919","USER-897"
"USER-3925","USER-49"
"USER-3924","USER-49"
"USER-2940","USER-98"
"USER-1721","USER-1720"
"USER-3926","USER-361"
"USER-3927","USER-125"
"USER-3930","USER-3933"
"USER-3929","USER-236"
"USER-3928","USER-7"
"USER-3403","USER-244"
"USER-3931","USER-3930"
"USER-3933","USER-993"
"USER-3932","USER-123"
"USER-3934","USER-85"
"USER-3935","USER-4550"
"USER-3939","USER-1056"
"USER-3938","USER-3936"
"USER-3937","USER-722"
"USER-3936","USER-80"
"USER-3940","USER-49"
"USER-3941","USER-1419"
"USER-3943","USER-101"
"USER-3942","USER-101"
"USER-3944","USER-1414"
"USER-1395","USER-955"
"USER-1422","USER-101"
"USER-3945","USER-239"
"USER-3946","USER-2233"
"USER-3947","USER-1452"
"USER-3948","USER-4195"
"USER-3949","USER-291"
"USER-3950","USER-3000"
"USER-3951","USER-999"
"USER-3952","USER-66"
"USER-3953","USER-401"
"USER-3954","USER-1709"
"USER-3956","USER-83"
"USER-3957","USER-717"
"USER-375","USER-369"
"USER-3959","USER-992"
"USER-3958","USER-127"
"USER-3960","USER-3969"
"USER-3963","USER-1244"
"USER-3962","USER-1191"
"USER-3961","USER-59"
"USER-3967","USER-137"
"USER-3966","USER-1250"
"USER-3965","USER-3960"
"USER-3971","USER-3528"
"USER-3970","USER-3965"
"USER-3969","USER-1150"
"USER-3968","USER-66"
"USER-3964","USER-1190"
"USER-3972","USER-353"
"USER-3973","USER-47"
"USER-3976","USER-45"
"USER-3975","USER-42"
"USER-3982","USER-42"
"USER-3981","USER-771"
"USER-3980","USER-43"
"USER-3979","USER-42"
"USER-3978","USER-42"
"USER-3977","USER-3981"
"USER-3983","USER-3980"
"USER-3985","USER-495"
"USER-3984","USER-48"
"USER-3974","USER-239"
"USER-3986","USER-3987"
"USER-3988","USER-45"
"USER-3987","USER-3982"
"USER-3990","USER-4001"
"USER-3989","USER-2976"
"USER-3852","USER-3853"
"USER-3992","USER-3994"
"USER-3991","USER-3858"
"USER-2752","USER-906"
"USER-2751","USER-161"
"USER-2750","USER-2753"
"USER-2756","USER-2752"
"USER-2757","USER-1844"
"USER-2759","USER-2760"
"USER-2760","USER-1473"
"USER-2761","USER-413"
"USER-2763","USER-7"
"USER-2762","USER-68"
"USER-2764","USER-1506"
"USER-2771","USER-61"
"USER-2770","USER-760"
"USER-2769","USER-117"
"USER-2768","USER-51"
"USER-2767","USER-2766"
"USER-2766","USER-2982"
"USER-2765","USER-419"
"USER-2772","USER-690"
"USER-2773","USER-931"
"USER-2774","USER-649"
"USER-2775","USER-243"
"USER-2776","USER-2335"
"USER-2781","USER-1335"
"USER-2780","USER-125"
"USER-2779","USER-706"
"USER-2778","USER-2781"
"USER-2782","USER-2788"
"USER-2784","USER-2783"
"USER-2783","USER-166"
"USER-2785","USER-166"
"USER-2788","USER-2782"
"USER-2787","USER-70"
"USER-2789","USER-890"
"USER-2790","USER-1453"
"USER-2162","USER-70"
"USER-2791","USER-18"
"USER-2792","USER-1495"
"USER-2793","USER-83"
"USER-2802","USER-2795"
"USER-2801","USER-2800"
"USER-2800","USER-2794"
"USER-2799","USER-2798"
"USER-2798","USER-83"
"USER-2797","USER-83"
"USER-2796","USER-2797"
"USER-2795","USER-2796"
"USER-2803","USER-2802"
"USER-2806","USER-2794"
"USER-2794","USER-256"
"USER-2805","USER-839"
"USER-2804","USER-839"
"USER-2808","USER-59"
"USER-2807","USER-993"
"USER-2809","USER-1066"
"USER-1296","USER-2808"
"USER-2810","USER-2811"
"USER-2811","USER-2503"
"USER-2812","USER-51"
"USER-2813","USER-2815"
"USER-2815","USER-3473"
"USER-2814","USER-2815"
"USER-2816","USER-63"
"USER-2818","USER-2816"
"USER-2820","USER-46"
"USER-2819","USER-245"
"USER-2822","USER-519"
"USER-2821","USER-3"
"USER-2824","USER-129"
"USER-2823","USER-63"
"USER-2825","USER-521"
"USER-2826","USER-150"
"USER-2827","USER-323"
"USER-2828","USER-323"
"USER-2829","USER-3199"
"USER-2833","USER-161"
"USER-2832","USER-1476"
"USER-2831","USER-2830"
"USER-2830","USER-933"
"USER-2842","USER-323"
"USER-2841","USER-653"
"USER-2840","USER-2839"
"USER-2839","USER-2838"
"USER-2838","USER-957"
"USER-2837","USER-649"
"USER-2836","USER-2832"
"USER-2835","USER-150"
"USER-2843","USER-414"
"USER-2834","USER-2842"
"USER-2844","USER-323"
"USER-2846","USER-323"
"USER-2847","USER-104"
"USER-2849","USER-61"
"USER-1625","USER-1624"
"USER-2851","USER-244"
"USER-2852","USER-49"
"USER-2853","USER-151"
"USER-2854","USER-2855"
"USER-2855","USER-1100"
"USER-2856","USER-882"
"USER-2857","USER-2850"
"USER-2859","USER-2857"
"USER-2858","USER-2859"
"USER-2850","USER-2858"
"USER-2860","USER-1108"
"USER-2862","USER-1108"
"USER-2863","USER-667"
"USER-2864","USER-458"
"USER-2865","USER-2127"
"USER-2866","USER-3743"
"USER-2034","USER-521"
"USER-2867","USER-222"
"USER-2869","USER-105"
"USER-2868","USER-4734"
"USER-2870","USER-56"
"USER-2871","USER-238"
"USER-2873","USER-3196"
"USER-2874","USER-2878"
"USER-2876","USER-69"
"USER-2879","USER-2878"
"USER-2878","USER-239"
"USER-2877","USER-2876"
"USER-2882","USER-564"
"USER-2881","USER-562"
"USER-2880","USER-2882"
"USER-2884","USER-8"
"USER-2883","USER-1049"
"USER-2885","USER-58"
"USER-2892","USER-8"
"USER-2891","USER-2888"
"USER-2890","USER-446"
"USER-2889","USER-2885"
"USER-2888","USER-5127"
"USER-2887","USER-58"
"USER-2886","USER-594"
"USER-2893","USER-4290"
"USER-2894","USER-769"
"USER-2896","USER-786"
"USER-2898","USER-2896"
"USER-2897","USER-1383"
"USER-2901","USER-686"
"USER-2900","USER-2899"
"USER-2899","USER-690"
"USER-2903","USER-691"
"USER-2904","USER-81"
"USER-2905","USER-6"
"USER-2906","USER-1170"
"USER-2907","USER-83"
"USER-2908","USER-52"
"USER-2909","USER-133"
"USER-2910","USER-29"
"USER-2911","USER-49"
"USER-2912","USER-1081"
"USER-2914","USER-1277"
"USER-2913","USER-745"
"USER-2916","USER-1000"
"USER-2915","USER-101"
"USER-2917","USER-2873"
"USER-2918","USER-48"
"USER-2919","USER-61"
"USER-2920","USER-1498"
"USER-2921","USER-19"
"USER-946","USER-945"
"USER-2932","USER-1566"
"USER-2931","USER-2930"
"USER-2930","USER-547"
"USER-2929","USER-554"
"USER-2928","USER-2927"
"USER-2927","USER-2926"
"USER-2926","USER-546"
"USER-2925","USER-2924"
"USER-2924","USER-555"
"USER-2923","USER-2922"
"USER-2933","USER-963"
"USER-2546","USER-657"
"USER-2934","USER-2933"
"USER-2935","USER-965"
"USER-2939","USER-2935"
"USER-2938","USER-969"
"USER-2937","USER-963"
"USER-2941","USER-75"
"USER-2943","USER-594"
"USER-2945","USER-5595"
"USER-2948","USER-1496"
"USER-2947","USER-213"
"USER-1621","USER-76"
"USER-2950","USER-521"
"USER-2952","USER-2951"
"USER-2953","USER-141"
"USER-2954","USER-2955"
"USER-2957","USER-47"
"USER-2956","USER-4070"
"USER-2955","USER-2956"
"USER-1041","USER-895"
"USER-2959","USER-433"
"USER-2958","USER-2959"
"USER-2960","USER-657"
"USER-2962","USER-2961"
"USER-2961","USER-2245"
"USER-2963","USER-2335"
"USER-2330","USER-222"
"USER-2964","USER-1019"
"USER-2969","USER-2972"
"USER-2968","USER-2967"
"USER-2967","USER-708"
"USER-2966","USER-2637"
"USER-2965","USER-2967"
"USER-481","USER-290"
"USER-2970","USER-449"
"USER-2637","USER-457"
"USER-2972","USER-2973"
"USER-2971","USER-285"
"USER-2973","USER-356"
"USER-2975","USER-136"
"USER-2974","USER-135"
"USER-2976","USER-1866"
"USER-2977","USER-1729"
"USER-2979","USER-653"
"USER-2978","USER-49"
"USER-2980","USER-244"
"USER-2981","USER-2979"
"USER-2982","USER-323"
"USER-2984","USER-49"
"USER-2983","USER-3131"
"USER-2985","USER-2992"
"USER-2993","USER-1553"
"USER-2992","USER-1555"
"USER-2991","USER-1340"
"USER-2990","USER-2991"
"USER-2989","USER-1340"
"USER-2988","USER-389"
"USER-2987","USER-401"
"USER-2994","USER-127"
"USER-2995","USER-55"
"USER-2996","USER-2997"
"USER-2997","USER-1004"
"USER-2998","USER-1577"
"USER-3000","USER-1552"
"USER-3002","USER-3001"
"USER-3001","USER-50"
"USER-3003","USER-287"
"USER-3006","USER-3005"
"USER-3005","USER-80"
"USER-3004","USER-3005"
"USER-3009","USER-1727"
"USER-3008","USER-5987"
"USER-3007","USER-939"
"USER-3010","USER-3008"
"USER-3011","USER-49"
"USER-3012","USER-939"
"USER-3013","USER-442"
"USER-3014","USER-442"
"USER-939","USER-166"
"USER-3015","USER-248"
"USER-3018","USER-167"
"USER-3017","USER-254"
"USER-3016","USER-153"
"USER-3019","USER-161"
"USER-3020","USER-3018"
"USER-1121","USER-1031"
"USER-3021","USER-254"
"USER-3022","USER-405"
"USER-3028","USER-3027"
"USER-3027","USER-410"
"USER-3026","USER-3023"
"USER-3025","USER-3026"
"USER-3024","USER-405"
"USER-3023","USER-1742"
"USER-3029","USER-3031"
"USER-3030","USER-405"
"USER-3031","USER-61"
"USER-3032","USER-653"
"USER-3033","USER-339"
"USER-3034","USER-1909"
"USER-3035","USER-3269"
"USER-3038","USER-653"
"USER-3037","USER-653"
"USER-3036","USER-649"
"USER-3040","USER-785"
"USER-3045","USER-46"
"USER-3044","USER-3987"
"USER-3043","USER-2665"
"USER-3042","USER-3041"
"USER-3046","USER-48"
"USER-3041","USER-43"
"USER-3047","USER-48"
"USER-3053","USER-43"
"USER-3052","USER-42"
"USER-3051","USER-5074"
"USER-3050","USER-81"
"USER-3049","USER-42"
"USER-3048","USER-271"
"USER-3054","USER-45"
"USER-3063","USER-272"
"USER-3062","USER-43"
"USER-3061","USER-272"
"USER-3060","USER-48"
"USER-3059","USER-273"
"USER-3058","USER-3061"
"USER-3057","USER-43"
"USER-3056","USER-2270"
"USER-3055","USER-3058"
"USER-3064","USER-3045"
"USER-3066","USER-272"
"USER-3065","USER-50"
"USER-3067","USER-46"
"USER-3070","USER-50"
"USER-3069","USER-43"
"USER-3068","USER-46"
"USER-3072","USER-43"
"USER-3073","USER-43"
"USER-3074","USER-981"
"USER-3075","USER-81"
"USER-3076","USER-5606"
"USER-3078","USER-7"
"USER-3077","USER-67"
"USER-3080","USER-1069"
"USER-3081","USER-75"
"USER-3082","USER-931"
"USER-3083","USER-2158"
"USER-3084","USER-66"
"USER-3085","USER-146"
"USER-3086","USER-1315"
"USER-3087","USER-635"
"USER-3088","USER-3940"
"USER-3089","USER-274"
"USER-3090","USER-117"
"USER-3091","USER-3392"
"USER-3094","USER-87"
"USER-3093","USER-4112"
"USER-3092","USER-2728"
"USER-3095","USER-3390"
"USER-3096","USER-66"
"USER-3103","USER-314"
"USER-3102","USER-39"
"USER-3101","USER-4717"
"USER-3100","USER-987"
"USER-3099","USER-1685"
"USER-3098","USER-3099"
"USER-3097","USER-1684"
"USER-3104","USER-1684"
"USER-3105","USER-3098"
"USER-3107","USER-2327"
"USER-3106","USER-184"
"USER-3108","USER-208"
"USER-3109","USER-679"
"USER-3111","USER-101"
"USER-3110","USER-3109"
"USER-988","USER-321"
"USER-3113","USER-42"
"USER-3115","USER-3113"
"USER-3114","USER-756"
"USER-3116","USER-464"
"USER-1936","USER-66"
"USER-3117","USER-321"
"USER-3118","USER-61"
"USER-3121","USER-49"
"USER-3120","USER-5134"
"USER-3119","USER-2696"
"USER-3124","USER-70"
"USER-2986","USER-1182"
"USER-3123","USER-1340"
"USER-3122","USER-2700"
"USER-3130","USER-3126"
"USER-3129","USER-66"
"USER-3128","USER-2986"
"USER-3127","USER-2987"
"USER-3126","USER-79"
"USER-3133","USER-1274"
"USER-3132","USER-1280"
"USER-3131","USER-153"
"USER-3135","USER-153"
"USER-3134","USER-163"
"USER-3138","USER-1340"
"USER-3137","USER-2985"
"USER-3136","USER-1340"
"USER-3139","USER-1290"
"USER-3142","USER-2984"
"USER-3141","USER-140"
"USER-3140","USER-153"
"USER-3125","USER-5943"
"USER-2139","USER-3143"
"USER-3143","USER-364"
"USER-3144","USER-386"
"USER-1030","USER-91"
"USER-3145","USER-166"
"USER-3149","USER-535"
"USER-3148","USER-5711"
"USER-3147","USER-3148"
"USER-3146","USER-3149"
"USER-2944","USER-1989"
"USER-3154","USER-3153"
"USER-3153","USER-657"
"USER-3152","USER-3154"
"USER-3151","USER-4394"
"USER-3155","USER-2944"
"USER-2210","USER-3147"
"USER-3158","USER-3156"
"USER-3157","USER-2135"
"USER-3156","USER-535"
"USER-3159","USER-2210"
"USER-3161","USER-47"
"USER-3163","USER-213"
"USER-3168","USER-3165"
"USER-3167","USER-213"
"USER-3166","USER-4029"
"USER-3165","USER-210"
"USER-3169","USER-475"
"USER-475","USER-480"
"USER-3170","USER-2295"
"USER-3174","USER-931"
"USER-3173","USER-1175"
"USER-3172","USER-211"
"USER-3171","USER-224"
"USER-3178","USER-1789"
"USER-3177","USER-215"
"USER-3176","USER-2535"
"USER-3183","USER-2418"
"USER-3182","USER-3180"
"USER-3181","USER-376"
"USER-3180","USER-376"
"USER-3185","USER-3175"
"USER-3184","USER-2734"
"USER-3175","USER-2733"
"USER-3187","USER-4248"
"USER-3188","USER-6417"
"USER-3189","USER-184"
"USER-3190","USER-564"
"USER-3192","USER-3191"
"USER-3191","USER-1146"
"USER-3193","USER-508"
"USER-3194","USER-1704"
"USER-2661","USER-3196"
"USER-3196","USER-1498"
"USER-3195","USER-243"
"USER-3198","USER-1772"
"USER-3199","USER-133"
"USER-3204","USER-4375"
"USER-3203","USER-101"
"USER-3202","USER-4197"
"USER-3201","USER-4377"
"USER-3200","USER-292"
"USER-3205","USER-59"
"USER-3206","USER-59"
"USER-3210","USER-59"
"USER-3209","USER-706"
"USER-3208","USER-3207"
"USER-3207","USER-238"
"USER-3212","USER-59"
"USER-3211","USER-244"
"USER-3213","USER-52"
"USER-3215","USER-61"
"USER-3214","USER-58"
"USER-3216","USER-619"
"USER-3217","USER-61"
"USER-669","USER-3219"
"USER-3219","USER-671"
"USER-3218","USER-94"
"USER-2007","USER-167"
"USER-2292","USER-1118"
"USER-6362","USER-6361"
"USER-6367","USER-6182"
"USER-6366","USER-94"
"USER-6365","USER-379"
"USER-6364","USER-52"
"USER-6370","USER-3549"
"USER-6369","USER-3549"
"USER-6368","USER-4755"
"USER-6372","USER-1853"
"USER-6371","USER-633"
"USER-6373","USER-4755"
"USER-6374","USER-231"
"USER-6378","USER-1853"
"USER-6377","USER-6376"
"USER-6376","USER-6373"
"USER-6375","USER-1927"
"USER-6379","USER-6374"
"USER-2243","USER-4753"
"USER-6380","USER-6368"
"USER-6381","USER-661"
"USER-6382","USER-3904"
"USER-6383","USER-111"
"USER-6384","USER-2902"
"USER-6385","USER-2099"
"USER-6386","USER-782"
"USER-6388","USER-6387"
"USER-6387","USER-319"
"USER-6389","USER-353"
"USER-6390","USER-2985"
"USER-6395","USER-66"
"USER-6394","USER-6393"
"USER-6393","USER-6392"
"USER-6392","USER-2985"
"USER-6391","USER-6392"
"USER-6396","USER-66"
"USER-5522","USER-66"
"USER-6401","USER-405"
"USER-6400","USER-449"
"USER-6399","USER-6398"
"USER-6398","USER-541"
"USER-6397","USER-45"
"USER-6402","USER-315"
"USER-6404","USER-727"
"USER-6403","USER-589"
"USER-6405","USER-589"
"USER-6406","USER-58"
"USER-4738","USER-677"
"USER-6407","USER-58"
"USER-6410","USER-727"
"USER-6409","USER-677"
"USER-6411","USER-419"
"USER-6412","USER-4358"
"USER-6416","USER-5019"
"USER-5019","USER-6415"
"USER-6415","USER-6419"
"USER-6414","USER-1071"
"USER-6413","USER-323"
"USER-6420","USER-414"
"USER-6419","USER-6417"
"USER-6418","USER-6420"
"USER-6417","USER-4496"
"USER-6421","USER-6424"
"USER-6423","USER-323"
"USER-6424","USER-4496"
"USER-6422","USER-6421"
"USER-6425","USER-150"
"USER-6426","USER-887"
"USER-5308","USER-66"
"USER-5310","USER-198"
"USER-5312","USER-55"
"USER-5315","USER-1454"
"USER-5314","USER-5313"
"USER-5316","USER-5075"
"USER-5317","USER-48"
"USER-5319","USER-490"
"USER-5318","USER-81"
"USER-5322","USER-2217"
"USER-5321","USER-718"
"USER-4607","USER-77"
"USER-608","USER-55"
"USER-5323","USER-93"
"USER-5324","USER-667"
"USER-5325","USER-1741"
"USER-5333","USER-5326"
"USER-5332","USER-996"
"USER-5331","USER-1491"
"USER-5330","USER-872"
"USER-5329","USER-2105"
"USER-5328","USER-568"
"USER-5327","USER-62"
"USER-5326","USER-1061"
"USER-5335","USER-5333"
"USER-5334","USER-897"
"USER-5336","USER-136"
"USER-5337","USER-1506"
"USER-5339","USER-85"
"USER-5338","USER-61"
"USER-5340","USER-6229"
"USER-5341","USER-318"
"USER-5346","USER-5345"
"USER-5345","USER-4912"
"USER-5344","USER-3793"
"USER-5343","USER-6215"
"USER-5347","USER-63"
"USER-5348","USER-319"
"USER-5350","USER-839"
"USER-5349","USER-118"
"USER-5351","USER-110"
"USER-5352","USER-5354"
"USER-5356","USER-1496"
"USER-5355","USER-5619"
"USER-5354","USER-1496"
"USER-5353","USER-5617"
"USER-5357","USER-50"
"USER-5358","USER-246"
"USER-5359","USER-891"
"USER-5361","USER-1844"
"USER-5362","USER-49"
"USER-5365","USER-86"
"USER-5364","USER-1100"
"USER-5366","USER-1669"
"USER-5367","USER-96"
"USER-3039","USER-2581"
"USER-916","USER-708"
"USER-5368","USER-657"
"USER-5369","USER-3870"
"USER-5370","USER-206"
"USER-5372","USER-5371"
"USER-5371","USER-290"
"USER-2652","USER-712"
"USER-4973","USER-1205"
"USER-4811","USER-39"
"USER-4974","USER-684"
"USER-4975","USER-4165"
"USER-4976","USER-49"
"USER-4979","USER-153"
"USER-4978","USER-153"
"USER-4977","USER-309"
"USER-4980","USER-141"
"USER-4982","USER-71"
"USER-4981","USER-1075"
"USER-3329","USER-166"
"USER-4984","USER-136"
"USER-4985","USER-4091"
"USER-4986","USER-2848"
"USER-4988","USER-4990"
"USER-4990","USER-87"
"USER-4989","USER-45"
"USER-4992","USER-789"
"USER-4991","USER-818"
"USER-4994","USER-4993"
"USER-4993","USER-823"
"USER-4996","USER-46"
"USER-4997","USER-28"
"USER-4995","USER-333"
"USER-1427","USER-70"
"USER-1439","USER-406"
"USER-3746","USER-117"
"USER-4998","USER-61"
"USER-2936","USER-2939"
"USER-4999","USER-314"
"USER-5004","USER-3103"
"USER-5003","USER-5002"
"USER-5002","USER-5001"
"USER-5001","USER-1685"
"USER-5000","USER-3107"
"USER-5006","USER-5008"
"USER-5005","USER-5007"
"USER-5007","USER-4343"
"USER-5009","USER-1111"
"USER-5011","USER-5009"
"USER-5010","USER-125"
"USER-5012","USER-911"
"USER-5013","USER-4261"
"USER-5014","USER-26"
"USER-5015","USER-5339"
"USER-5017","USER-163"
"USER-5016","USER-150"
"USER-5018","USER-5017"
"USER-5020","USER-83"
"USER-5021","USER-839"
"USER-5032","USER-236"
"USER-5031","USER-2682"
"USER-1198","USER-2682"
"USER-5030","USER-5029"
"USER-5029","USER-5028"
"USER-5028","USER-61"
"USER-5027","USER-5026"
"USER-5026","USER-3211"
"USER-5025","USER-52"
"USER-5024","USER-238"
"USER-5023","USER-1052"
"USER-5022","USER-68"
"USER-5033","USER-122"
"USER-5034","USER-243"
"USER-5035","USER-117"
"USER-5037","USER-5039"
"USER-5038","USER-5040"
"USER-5040","USER-49"
"USER-5036","USER-171"
"USER-5039","USER-5036"
"USER-5041","USER-786"
"USER-5043","USER-361"
"USER-5044","USER-589"
"USER-5045","USER-45"
"USER-5046","USER-49"
"USER-5052","USER-61"
"USER-5051","USER-5048"
"USER-5050","USER-2815"
"USER-5049","USER-52"
"USER-5048","USER-5052"
"USER-5047","USER-1867"
"USER-5053","USER-630"
"USER-5054","USER-661"
"USER-5055","USER-626"
"USER-5056","USER-531"
"USER-5060","USER-5059"
"USER-5059","USER-5058"
"USER-5058","USER-5057"
"USER-5061","USER-91"
"USER-5042","USER-361"
"USER-5062","USER-124"
"USER-5063","USER-1460"
"USER-5065","USER-3795"
"USER-5064","USER-3796"
"USER-3794","USER-3795"
"USER-5066","USER-3798"
"USER-3557","USER-67"
"USER-5067","USER-497"
"USER-5068","USER-492"
"USER-5069","USER-4380"
"USER-5070","USER-4198"
"USER-4383","USER-4384"
"USER-4384","USER-981"
"USER-5071","USER-3014"
"USER-5072","USER-456"
"USER-4029","USER-1686"
"USER-5073","USER-43"
"USER-5074","USER-3050"
"USER-5075","USER-5869"
"USER-5081","USER-3596"
"USER-5080","USER-2587"
"USER-5079","USER-42"
"USER-5078","USER-5076"
"USER-5077","USER-5075"
"USER-5076","USER-39"
"USER-5083","USER-5082"
"USER-5082","USER-1647"
"USER-513","USER-56"
"USER-5086","USER-595"
"USER-5085","USER-1453"
"USER-5084","USER-1872"
"USER-5087","USER-507"
"USER-5088","USER-92"
"USER-5091","USER-1587"
"USER-5090","USER-578"
"USER-5089","USER-1230"
"USER-5095","USER-5093"
"USER-5094","USER-879"
"USER-5093","USER-544"
"USER-5092","USER-1228"
"USER-5097","USER-5094"
"USER-5096","USER-57"
"USER-5098","USER-577"
"USER-5099","USER-568"
"USER-5100","USER-5092"
"USER-5110","USER-153"
"USER-5109","USER-929"
"USER-5108","USER-323"
"USER-5107","USER-2022"
"USER-5106","USER-309"
"USER-5105","USER-2023"
"USER-5104","USER-163"
"USER-5103","USER-1978"
"USER-5102","USER-111"
"USER-5101","USER-61"
"USER-5111","USER-653"
"USER-5112","USER-5108"
"USER-5114","USER-169"
"USER-5113","USER-891"
"USER-5115","USER-1330"
"USER-5118","USER-1094"
"USER-5117","USER-5116"
"USER-5116","USER-2277"
"USER-5119","USER-2662"
"USER-5120","USER-879"
"USER-4889","USER-1667"
"USER-5121","USER-787"
"USER-5122","USER-147"
"USER-5123","USER-167"
"USER-5125","USER-5124"
"USER-5126","USER-4456"
"USER-5128","USER-2892"
"USER-5127","USER-5128"
"USER-5129","USER-6011"
"USER-5131","USER-2881"
"USER-5130","USER-564"
"USER-5133","USER-5132"
"USER-5132","USER-564"
"USER-5134","USER-1820"
"USER-5135","USER-703"
"USER-5136","USER-378"
"USER-5137","USER-1733"
"USER-5138","USER-1059"
"USER-5139","USER-593"
"USER-5140","USER-5142"
"USER-5143","USER-5142"
"USER-5142","USER-5143"
"USER-5141","USER-5140"
"USER-5144","USER-136"
"USER-5145","USER-5156"
"USER-5146","USER-717"
"USER-5147","USER-5146"
"USER-5150","USER-1491"
"USER-5149","USER-1065"
"USER-5148","USER-484"
"USER-5151","USER-3430"
"USER-5153","USER-458"
"USER-5152","USER-1975"
"USER-5155","USER-5154"
"USER-5154","USER-124"
"USER-5156","USER-993"
"USER-5157","USER-244"
"USER-5159","USER-5158"
"USER-5158","USER-244"
"USER-4062","USER-3967"
"USER-2946","USER-2948"
"USER-5164","USER-5163"
"USER-5163","USER-3881"
"USER-5162","USER-5161"
"USER-5161","USER-3878"
"USER-4767","USER-87"
"USER-5165","USER-5183"
"USER-5179","USER-5169"
"USER-5178","USER-5174"
"USER-5177","USER-5165"
"USER-5176","USER-5175"
"USER-5175","USER-132"
"USER-5174","USER-5170"
"USER-5173","USER-5172"
"USER-5172","USER-5170"
"USER-5171","USER-5172"
"USER-5170","USER-5181"
"USER-5169","USER-5178"
"USER-5168","USER-5171"
"USER-5167","USER-5166"
"USER-5166","USER-5165"
"USER-5180","USER-5177"
"USER-5183","USER-2679"
"USER-5182","USER-5178"
"USER-5181","USER-5168"
"USER-5184","USER-27"
"USER-5186","USER-1066"
"USER-5185","USER-2249"
"USER-5188","USER-2244"
"USER-5187","USER-2251"
"USER-4036","USER-2247"
"USER-5189","USER-4579"
"USER-5190","USER-1423"
"USER-5191","USER-1480"
"USER-5193","USER-323"
"USER-5194","USER-1480"
"USER-5195","USER-649"
"USER-5196","USER-873"
"USER-5197","USER-873"
"USER-5198","USER-45"
"USER-4340","USER-17"
"USER-5199","USER-184"
"USER-5200","USER-5206"
"USER-5204","USER-5203"
"USER-5203","USER-5200"
"USER-5202","USER-2644"
"USER-5205","USER-1075"
"USER-5207","USER-1496"
"USER-5208","USER-1881"
"USER-5210","USER-1515"
"USER-5209","USER-1884"
"USER-5212","USER-679"
"USER-5211","USER-667"
"USER-5213","USER-594"
"USER-4005","USER-47"
"USER-4987","USER-56"
"USER-5214","USER-593"
"USER-5215","USER-721"
"USER-5217","USER-1057"
"USER-5223","USER-1592"
"USER-5222","USER-5220"
"USER-5221","USER-3785"
"USER-5220","USER-908"
"USER-5219","USER-5223"
"USER-5218","USER-76"
"USER-5225","USER-29"
"USER-5224","USER-657"
"USER-5226","USER-969"
"USER-5228","USER-5229"
"USER-5232","USER-954"
"USER-5231","USER-206"
"USER-5230","USER-5228"
"USER-5233","USER-2138"
"USER-5239","USER-5234"
"USER-5238","USER-5235"
"USER-5237","USER-5246"
"USER-5236","USER-81"
"USER-5235","USER-5239"
"USER-5240","USER-80"
"USER-5244","USER-5243"
"USER-5243","USER-614"
"USER-5242","USER-80"
"USER-5241","USER-75"
"USER-5246","USER-80"
"USER-5234","USER-75"
"USER-5247","USER-649"
"USER-5248","USER-911"
"USER-5249","USER-874"
"USER-5250","USER-61"
"USER-5255","USER-1675"
"USER-5254","USER-5251"
"USER-5253","USER-5254"
"USER-5252","USER-3"
"USER-5256","USER-875"
"USER-5257","USER-1675"
"USER-5271","USER-1177"
"USER-5270","USER-874"
"USER-5269","USER-5268"
"USER-5268","USER-870"
"USER-5267","USER-1178"
"USER-5266","USER-6243"
"USER-5265","USER-874"
"USER-5264","USER-2399"
"USER-5263","USER-2399"
"USER-5262","USER-5261"
"USER-5261","USER-5260"
"USER-5260","USER-5259"
"USER-5259","USER-3290"
"USER-5273","USER-5272"
"USER-5272","USER-2400"
"USER-5274","USER-2897"
"USER-5258","USER-2385"
"USER-5275","USER-2400"
"USER-5277","USER-2397"
"USER-5276","USER-2398"
"USER-5278","USER-2392"
"USER-5281","USER-630"
"USER-5280","USER-1526"
"USER-5279","USER-1526"
"USER-5282","USER-1526"
"USER-5283","USER-549"
"USER-5284","USER-62"
"USER-5285","USER-1340"
"USER-5287","USER-2234"
"USER-5216","USER-184"
"USER-5291","USER-2397"
"USER-5290","USER-2393"
"USER-5289","USER-1185"
"USER-5251","USER-1675"
"USER-5293","USER-5941"
"USER-5292","USER-5874"
"USER-3647","USER-7"
"USER-5295","USER-256"
"USER-5297","USER-161"
"USER-5296","USER-653"
"USER-5298","USER-161"
"USER-5302","USER-167"
"USER-5301","USER-144"
"USER-5300","USER-5299"
"USER-5299","USER-49"
"USER-5303","USER-931"
"USER-4740","USER-4742"
"USER-5306","USER-2391"
"USER-5305","USER-2399"
"USER-5304","USER-1177"
"USER-5307","USER-2985"
"USER-5309","USER-71"
"USER-5535","USER-323"
"USER-5536","USER-5537"
"USER-5538","USER-55"
"USER-5537","USER-615"
"USER-5539","USER-58"
"USER-5540","USER-2483"
"USER-5543","USER-5540"
"USER-5542","USER-206"
"USER-5541","USER-2490"
"USER-5544","USER-4954"
"USER-5551","USER-4954"
"USER-5550","USER-6097"
"USER-5549","USER-1143"
"USER-5548","USER-6093"
"USER-5547","USER-2463"
"USER-5546","USER-2483"
"USER-5545","USER-5553"
"USER-5552","USER-5542"
"USER-5553","USER-2478"
"USER-5560","USER-6088"
"USER-5559","USER-2463"
"USER-5558","USER-6100"
"USER-5557","USER-2465"
"USER-5556","USER-2463"
"USER-5555","USER-2463"
"USER-5554","USER-2490"
"USER-5561","USER-2481"
"USER-5563","USER-2463"
"USER-5564","USER-2463"
"USER-5565","USER-236"
"USER-5566","USER-239"
"USER-5568","USER-61"
"USER-5567","USER-52"
"USER-5569","USER-836"
"USER-5570","USER-682"
"USER-5573","USER-5572"
"USER-5572","USER-5571"
"USER-5576","USER-389"
"USER-5577","USER-1711"
"USER-5578","USER-2053"
"USER-5580","USER-5579"
"USER-5581","USER-2985"
"USER-5575","USER-1553"
"USER-5582","USER-5575"
"USER-5583","USER-79"
"USER-5584","USER-55"
"USER-5585","USER-693"
"USER-5586","USER-1715"
"USER-5587","USER-1171"
